{
  "best_global_step": null,
  "best_metric": null,
  "best_model_checkpoint": null,
  "epoch": 0.0817037965030775,
  "eval_steps": 500,
  "global_step": 3000,
  "is_hyper_param_search": false,
  "is_local_process_zero": true,
  "is_world_process_zero": true,
  "log_history": [
    {
      "epoch": 0.013617299417179585,
      "grad_norm": 0.0,
      "learning_rate": 4.933002886867477e-05,
      "loss": 1.5114,
      "step": 500
    },
    {
      "epoch": 0.02723459883435917,
      "grad_norm": 0.0,
      "learning_rate": 4.86505256277575e-05,
      "loss": 1.4475,
      "step": 1000
    },
    {
      "epoch": 0.04085189825153875,
      "grad_norm": 2.8930890560150146,
      "learning_rate": 4.7969660656898526e-05,
      "loss": 1.5694,
      "step": 1500
    },
    {
      "epoch": 0.05446919766871834,
      "grad_norm": 0.0,
      "learning_rate": 4.728879568603954e-05,
      "loss": 1.6219,
      "step": 2000
    },
    {
      "epoch": 0.06808649708589792,
      "grad_norm": 8.2340726852417,
      "learning_rate": 4.660793071518057e-05,
      "loss": 1.5565,
      "step": 2500
    },
    {
      "epoch": 0.0817037965030775,
      "grad_norm": 1.5469605922698975,
      "learning_rate": 4.592706574432159e-05,
      "loss": 1.4489,
      "step": 3000
    }
  ],
  "logging_steps": 500,
  "max_steps": 36718,
  "num_input_tokens_seen": 0,
  "num_train_epochs": 1,
  "save_steps": 500,
  "stateful_callbacks": {
    "TrainerControl": {
      "args": {
        "should_epoch_stop": false,
        "should_evaluate": false,
        "should_log": false,
        "should_save": true,
        "should_training_stop": false
      },
      "attributes": {}
    }
  },
  "total_flos": 3407259454126080.0,
  "train_batch_size": 1,
  "trial_name": null,
  "trial_params": null
}
